Lat,Long
38.87486486470895,-77.08152834629634
38.874855207082504,-77.08152574187127
38.87485519817963,-77.0815257358482
38.87484880468813,-77.08152451188649
38.874842570914254,-77.08152342629374
38.87483616946479,-77.0815221433149
38.87482962312469,-77.08152090106171
38.87482321994959,-77.08151971485597
38.8748167647952,-77.08151841186823
38.87481672883446,-77.08151840736087
38.87481025359404,-77.08151722020531
38.87480381640969,-77.08151592004779
38.874797297599784,-77.08151464978289
38.87479079511655,-77.08151347451228
38.87478430437107,-77.0815121462815
38.874778010659774,-77.08151088489136
38.87477177711158,-77.08150978662857
38.8747654393378,-77.0815084697784
38.87475257216653,-77.0815059711107
38.87474602520982,-77.08150476342237
38.87473952529421,-77.08150344414705
38.87473288015928,-77.08150218403021
38.874726495405824,-77.08150097531268
38.87471363806153,-77.08149843082866
38.87470722752378,-77.08149715220031
38.87470096788299,-77.08149600130935
38.87469458567667,-77.08149464973849
38.87468181647757,-77.08149221502582
38.874675350262756,-77.08149102698616
38.87466240452607,-77.08148838656204
38.87465627994841,-77.08148724076665
38.874643519754606,-77.08148480631971
38.87463677962517,-77.08148331520975
38.874624503986986,-77.08148099287938
38.87461160926369,-77.08147852338764
38.87460531731834,-77.08147716292778
38.874592640290274,-77.08147461218863
38.87458595135931,-77.08147328164068
38.87458000946096,-77.08147199709752
38.874567288698906,-77.08146937246725
38.874554639241936,-77.08146679141414
38.87454839600134,-77.08146522605354
38.8745420382639,-77.08146401813153
38.8745290138381,-77.08146124286748
38.87452308195167,-77.08145990213889
38.87451033684282,-77.0814571269585
38.87450374777411,-77.08145575437477
38.874497528859024,-77.0814543407233
38.87449118329044,-77.08145295565049
38.87448480229518,-77.08145153611738
38.87447217399159,-77.08144877933312
38.87446586493826,-77.08144736766334
38.87445951093912,-77.08144595007174
38.87445322004071,-77.08144453086375
38.87444694141403,-77.08144292874309
38.8744406642951,-77.08144174738324
38.874434446940896,-77.0814402461788
38.874428168581154,-77.08143862908236
38.87442191047987,-77.08143739179849
38.87441573860544,-77.08143586656374
38.874415732496246,-77.08143570386216
38.87441568358589,-77.08143592028536
38.87441573860544,-77.08143586656374
38.874415669477656,-77.08143570087063
38.87441570196682,-77.08143590007406
38.874415729497144,-77.08143587206119
38.87441570324041,-77.08143582864706
38.874415720779126,-77.08143585566974
38.87441572966147,-77.08143586284481
38.87439705441064,-77.08143164902624
38.87439705434901,-77.08143165248238
38.87439705434901,-77.08143165248238
38.874397027537654,-77.08143164017356
38.87439705434901,-77.08143165248238
38.87439700954702,-77.08143163849594
38.87439072693493,-77.08143025987516
38.87439070855399,-77.08143028008647
38.87439069054281,-77.08143027956089
38.87439070855399,-77.08143028008647
38.87438449796608,-77.08142890472024
38.874384601177006,-77.0814286748972
38.87437829097291,-77.08142732774594
38.87437827357799,-77.08142729265896
38.87437205788734,-77.08142569814147
38.87437205788734,-77.08142569814147
38.874365670843915,-77.08142411245603
38.87435941536338,-77.08142222285318
38.87435940625507,-77.08142222835063
38.87435318046167,-77.08142018977034
38.87434706743935,-77.08141789052499
38.87434705833106,-77.08141789602244
38.87434074952741,-77.081415459663
38.874335224283946,-77.08141253669825
38.87432915047989,-77.0814095539267
38.87432288842107,-77.08140651725138
38.87432333394714,-77.08140629165382
38.87431756831712,-77.08140270121002
38.874311770690696,-77.08139888391459
38.874306406618196,-77.08139450179499
38.874306406618196,-77.08139450179499
38.87430078411534,-77.0813899588334
38.874295978380644,-77.08138508814814
38.87429126035142,-77.08137984656553
38.87428605694432,-77.08137453895176
38.87428177554967,-77.08136855973889
38.874282120925514,-77.08136839230916
38.87427718461636,-77.08136275937599
38.87427341766094,-77.08135622692109
38.87427006119468,-77.0813494125198
38.87426550547295,-77.08134315328108
38.87426268692943,-77.08133598457778
38.87426025311119,-77.08132846286479
38.874256304677424,-77.08132149633408
38.874254352283266,-77.08131375698761
38.8742526844641,-77.08130572279923
38.87424961337135,-77.0812985686301
38.87424817161523,-77.08129048916958
38.87424749109364,-77.08128216450673
38.87424541083153,-77.08127452171152
38.87424528160123,-77.0812661036331
38.87424444256026,-77.08125807864388
38.87424343523788,-77.08124938482145
38.87424371883438,-77.08124156433193
38.87424413481437,-77.0812333938429
38.874242933052905,-77.08122499288274
38.87424421058609,-77.08120892886049
38.87424448317266,-77.08120071499754
38.874244571796574,-77.0811922064533
38.87424575960455,-77.08118420717403
38.874246204035074,-77.0811759568293
38.87424667778217,-77.08116757824357
38.87424768114286,-77.0811598167903
38.87424898359993,-77.0811433650515
38.87424983589864,-77.0811344742088
38.874250537225436,-77.08112697596695
38.87425141162008,-77.08111886726182
38.874252253647654,-77.08111055244136
38.87425335256486,-77.08110248486562
38.874255293527895,-77.08108610131639
38.874256155155635,-77.08107820317176
38.874257509739266,-77.08106994595171
38.8742598457527,-77.08105364077934
38.874261006883636,-77.08104562112267
38.87426240887535,-77.08103723157765
38.87426500380789,-77.08102105959505
38.87426623186751,-77.08101332889846
38.874267567182635,-77.08100514142518
38.87427018553353,-77.08098917183631
38.87427163906978,-77.08098092326287
38.87427422810048,-77.08096508191306
38.87427560638653,-77.08095701095606
38.87427855909809,-77.08094048055825
38.87427987710571,-77.08093275824599
38.8742828498482,-77.08091662033
38.87428452103338,-77.0809082928071
38.874287536459384,-77.08089228753576
38.874289264634484,-77.08088480656352
38.87429235784051,-77.08086696508911
38.87429416877963,-77.08085989571934
38.87429763232256,-77.08084402454375
38.8742994071123,-77.08083493929338
38.87430304359682,-77.08081947543369
38.874304911143206,-77.08081175762061
38.87430877396359,-77.08079471662529
38.87431064931345,-77.08078757190363
38.874314610034325,-77.08077211519186
38.87431664750043,-77.08076295230403
38.87432078825914,-77.0807480103109
38.874323036121226,-77.08074069202958
38.874327138242485,-77.0807238735512
38.87432939050892,-77.0807168135897
38.87433172647426,-77.08070960737784
38.874336148140316,-77.08069255385544
38.87433844912007,-77.08068579384843
38.874343139776464,-77.08067134162393
38.874345397364365,-77.08066246639596
38.87434782429755,-77.08065571697689
38.874352639629485,-77.08064033589389
38.87435513378656,-77.08063234242302
38.87436036059212,-77.08061763495814
38.874362868919064,-77.08060985744389
38.87436805205774,-77.08059456661535
38.87437087435039,-77.08058787828745
38.874373428483665,-77.08058005830647
38.87437877433528,-77.08056473763999
38.87438172941051,-77.08055818227933
38.87438720155142,-77.0805423477543
38.874389862566346,-77.08053409172868
38.87439570935374,-77.08052049158422
38.87439844556571,-77.0805125662546
38.87440410896585,-77.08049712228501
38.87440709838432,-77.08049015642567
38.87440995988425,-77.08048278456076
38.87441568678392,-77.08046782193982
38.874418525364085,-77.08046072488746
38.874424211454645,-77.08044602963966
38.87442704683849,-77.08043860629299
38.87443258530533,-77.08042410499156
38.874435449901526,-77.08041655916178
38.87444126502164,-77.0804017016888
38.87444385788812,-77.08039423553336
38.87444940987212,-77.08037948103664
38.8744523348151,-77.08037208796023
38.874457668116186,-77.08035747001057
38.87446041152922,-77.08035015117085
38.87446612733317,-77.08033530462248
38.874468757347124,-77.08032777614972
,
,
,
38.87448540272389,-77.08028359876172
38.87449073864935,-77.08026832732313
38.87449347335211,-77.08026149694574
38.874499035652775,-77.08024717381997
38.874501828987476,-77.08023857007107
38.87450449510625,-77.08023204890667
38.87451011151913,-77.08021772274382
38.87451295617538,-77.08020927263884
38.87451578999796,-77.08020244168969
38.874521559961025,-77.0801875886287
38.874524596045696,-77.08017951986741
38.8745274542351,-77.08017283831838
38.87453040000967,-77.08016528676715
38.87453647766383,-77.08014985251629
38.87453929570955,-77.08014289546361
38.87454225179501,-77.08013577645427
38.874545332089696,-77.08012724907033
38.874545201283,-77.0801280163786
38.87454804281988,-77.08012075225169
38.874551099696625,-77.08011303334382
38.874553741214235,-77.08010637544005
38.87455375200584,-77.0801062754742
38.874556684213246,-77.08009897941011
38.87455952693903,-77.08009164846182
38.87455953736111,-77.08009156923288
38.874562328550894,-77.08008460217128
38.87456519897004,-77.08007723399194
38.87456804243352,-77.080069861568
38.87457085368608,-77.08006277982473
38.87457372625936,-77.08005529067815
38.87457657778281,-77.0800479715094
38.87457944682434,-77.08004068051451
38.87458224304055,-77.08003343119614
38.87458795140108,-77.08001849447298
38.87459076035765,-77.08001103574196
38.87459364115327,-77.08000359063168
38.874596468407496,-77.0799961162959
38.87459928743571,-77.07998859791894
38.87460494298873,-77.07997359048969
38.87460777124695,-77.07996605970091
38.87461078023249,-77.0799584996019
38.87461607762519,-77.07994387132022
38.87462159851392,-77.07992934176538
38.874624306069045,-77.07992150545888
38.87462709163035,-77.07991434803264
38.87463265715352,-77.07989984167511
38.87463540584028,-77.07989171955539
38.87464097226388,-77.07987716250395
38.87464375452331,-77.0798696845409
38.87464946183723,-77.07985480539368
38.87465210261251,-77.0798471769167
38.87465767767225,-77.07983213484376
38.87466063571523,-77.07982439919796
38.87466599075833,-77.07980956855752
38.874668745545186,-77.07980211514649
38.87467438505478,-77.07978699541265
38.874677020407,-77.0797796710725
38.87468238032455,-77.07976507225048
38.874685325134436,-77.07975706764539
38.87469070425091,-77.07974240252588
38.87469603060457,-77.07972766440133
38.87469892406225,-77.07972001331288
38.874704231909355,-77.07970530230902
38.87470689646957,-77.07969785548052
38.87471256120193,-77.07968233073187
38.87471491605588,-77.07967557799014
38.87472053842091,-77.07966040817247
38.87472347860586,-77.07965266277078
38.87472845555217,-77.07963831787424
38.87473130167747,-77.07963079449583
38.874734165284366,-77.07962279558075
38.874739430467926,-77.07960845562543
38.874742150820815,-77.07960091128801
38.87474503499802,-77.07959327490335
38.87475027777911,-77.0795786749435
38.87475300471393,-77.07957126680878
38.87475585471399,-77.07956352568652
38.87475850389754,-77.07955643572154
38.87476123954926,-77.07954904397639
38.87476687701578,-77.07953403710319
38.874766706972444,-77.07953447822275
38.87477224867571,-77.07951978899315
38.87477516037767,-77.07951212458804
38.87477767034508,-77.07950576825904
38.874780694525796,-77.07949785931129
38.87478359921146,-77.07949008289239
38.87478637916493,-77.07948323879155
38.87478637916493,-77.07948323879155
38.87478644743746,-77.07948294685514
38.87479209081912,-77.07946861905702
38.87479209081912,-77.07946861905702
38.87479219394423,-77.0794683938379
38.87479209081912,-77.07946861905702
38.87479209081912,-77.07946861905702
38.87479210101503,-77.07946855250033
38.87479209106539,-77.07946860523235
38.87479209077807,-77.07946862136113
38.87479209081912,-77.07946861905702
38.874794932111016,-77.07946136639785
38.874794932111016,-77.07946136639785
38.874794932111016,-77.07946136639785
38.874794932111016,-77.07946136639785
38.87479494138341,-77.07946135168366
38.87479494146551,-77.07946134707544
38.87479495082,-77.07946132775302
38.87479780206109,-77.07945402236122
38.874797820154384,-77.07945401827806
38.8747977737719,-77.07945409300106
38.8747977737719,-77.07945409300106
38.87479776296031,-77.07945419411945
38.874800605318505,-77.07944688155217
38.874800605318505,-77.07944688155217
38.87480345584046,-77.07943961648114
38.874803381804966,-77.07943972613029
38.87480602023491,-77.07943222780284
38.874806023641604,-77.07943203656154
38.874808114593215,-77.07942492339707
38.87480818257827,-77.07942464758929
38.874808260902874,-77.07942429716041
38.874809848299634,-77.07941712666764
38.8748098778817,-77.07941698344823
,
38.87480987724552,-77.07941701916197
38.874809887072,-77.07941697334225
38.87480994590779,-77.07941670533631
38.87480990668392,-77.07941688400695
38.874809916551456,-77.07941683588312
38.87480991690033,-77.07941681629816
38.87481116711522,-77.07940884755999
38.87481116711522,-77.07940884755999
38.874811176305506,-77.07940883745401
38.87481117665438,-77.07940881786907
38.87481117661334,-77.07940882017317
38.874811185885726,-77.07940880545897
38.87481117651073,-77.07940882593346
38.87481118578312,-77.07940881121925
38.8748112043279,-77.07940878179086
38.874811213846556,-77.07940875325198
38.87481213366512,-77.07940061696823
38.87481212545987,-77.07940057177551
38.87481206824536,-77.07940074876903
38.874812501083596,-77.07939263632636
38.874812396460555,-77.07939294564576
38.87481239674786,-77.07939292951698
38.87481253677184,-77.07938456302284
38.87481232830612,-77.07937603306667
38.87481216962896,-77.07937634196298
38.874811180890326,-77.07936862032467
38.8748115645057,-77.07936782349687
38.87481009748452,-77.07936014324362
38.87480831229112,-77.0793526208505
38.87480686332775,-77.07934392678854
38.87480653171784,-77.07934433322997
38.87480405124508,-77.07933689430848
38.874801796161364,-77.07932894211073
38.87479855812615,-77.07932204821267
38.87479842113363,-77.07932215141608
38.874791805302216,-77.07930811633776
38.87478768149174,-77.07930188360272
38.87478333081706,-77.0792957410782
38.87477924967397,-77.07928964214358
38.8747788668625,-77.07928988802637
38.87477411035739,-77.07928427196265
38.8747640173291,-77.07927424013222
38.8747585139854,-77.07927008461293
38.87475288599951,-77.07926584477526
38.87474725333477,-77.07926186760685
38.874741662086265,-77.07925809451334
38.8747359079775,-77.07925435932127
38.87473004524732,-77.0792506520852
38.87472420475254,-77.07924721406604
38.87471271774361,-77.07924007050521
38.874706816548574,-77.07923649931604
38.874701028445294,-77.07923315503864
38.874689460959466,-77.07922597686243
38.874683561426025,-77.07922231235928
38.87467767604586,-77.07921886496791
38.874671964029254,-77.0792152958388
38.874654747646446,-77.07920454577054
38.874648952875724,-77.0792010699017
38.87464314943023,-77.07919706932408
38.87463182070441,-77.07918963877292
38.87462615260927,-77.07918562715804
38.87461491236114,-77.07917778192983
38.87460935259952,-77.07917375849019
38.87460357635442,-77.07916974833614
38.87459213509097,-77.07916155376387
38.87458122265413,-77.07915351523197
38.874575589882284,-77.0791495438427
38.87457003994592,-77.07914547458797
38.87456469947748,-77.0791412800373
38.87455333298561,-77.07913293435128
38.87454776895652,-77.07912864453225
38.87453579133643,-77.07911970471245
38.87453022193302,-77.0791152107199
38.87452003525746,-77.07910638880699
38.87451478954229,-77.07910193306739
38.8745095350265,-77.07909746554544
38.87450448971182,-77.07909288770419
38.87449886783305,-77.07908830458494
38.87448816806351,-77.07907894903269
38.87448282818943,-77.07907421506962
38.87447693070631,-77.0790694233594
38.87447215943653,-77.07906463565918
38.874466812833745,-77.07905977355816
38.87446147607758,-77.07905486448627
38.8744561491065,-77.07904991189967
38.87445100335527,-77.07904490235273
38.87445082303799,-77.07904490862362
38.874445497872046,-77.07903985465809
38.87444098000945,-77.07903500403636
38.8744349315426,-77.07903008920894
38.874430378313725,-77.07902520067304
38.874425880800715,-77.07902021924453
38.87442027535187,-77.07901521935656
38.87441521161376,-77.07901015803063
38.87441014873716,-77.07900504831932
38.87440508639378,-77.07899990865545
38.87440000692122,-77.07899471892922
38.87439491015528,-77.07898948835705
38.87438982303076,-77.07898422233458
38.874384718571825,-77.07897891777029
38.87437960572258,-77.0789735783828
38.874374502371055,-77.07896821160936
38.87436939961429,-77.07896281142729
38.87436939961429,-77.07896281142729
38.87436410127807,-77.07895726261755
38.87435920423397,-77.07895194796521
38.87435438684487,-77.07894671401516
38.87434957007104,-77.07894144550434
38.87434474488635,-77.07893614332235
38.87434474488635,-77.07893614332235
38.87433513298009,-77.0789254029166
38.8743303280832,-77.07891997338432
38.8743303280832,-77.07891997338432
38.874325254248866,-77.07891446685593
38.87432071972474,-77.07890903367853
38.874315916714544,-77.07890349815999
38.87431094583922,-77.07889777563179
38.87430627684566,-77.0788923039582
38.87430627686617,-77.07889230280614
38.87429695643928,-77.07888087931947
38.874296674741956,-77.07888101288518
38.874292450571595,-77.0788753547699
38.87428712742977,-77.07886968076417
38.87428213050008,-77.07886390330704
38.874278052552235,-77.07885812958024
38.874276972741185,-77.07885804969953
38.87427243565072,-77.07885225452395
38.87426838383688,-77.07884653112403
38.8742624525181,-77.07884060310577
38.87425808561,-77.07883486476123
38.874253728117516,-77.0788291036389
38.8742528122743,-77.07882892364648
38.87424831949224,-77.07882317010863
38.874244140736685,-77.07881749142399
38.874238820853805,-77.07881163425093
38.8742339862681,-77.0788058477013
38.87422966452978,-77.0788001026091
38.87422429914607,-77.07879427062339
38.87421944665078,-77.078788477791
38.87421496365175,-77.07878268074306
38.87420970563683,-77.07877689107882
38.87419993768688,-77.07876529897429
38.87419505819371,-77.07875950420649
38.874190169202265,-77.07875373682614
38.8741853254437,-77.07874795923836
38.87417556594231,-77.07873639850946
38.87417094264555,-77.07873089015155
38.87416605473985,-77.07872506171668
38.87415641749874,-77.07871371894875
38.874151643977555,-77.07870804484594
38.87414192650475,-77.07869665363887
38.87413727787133,-77.07869105003108
38.8741278354061,-77.07867990082929
38.874122988751,-77.07867428569
38.87411843802928,-77.07866874948645
38.87410909345408,-77.07865766884386
38.874104164475476,-77.07865212277251
38.87409474723839,-77.07864056858605
38.87408977819526,-77.07863474241
38.874080325344146,-77.07862316413757
38.874075572106435,-77.0786173626948
38.87406606772248,-77.07860564230302
38.87406151898705,-77.07859999435996
38.87405230948875,-77.07858841166164
38.8740477639115,-77.07858258630594
38.87403874283165,-77.07857104829237
38.874034295186924,-77.0785652891879
38.87402498100197,-77.0785530072525
38.874020464429435,-77.07854707094027
38.8740114272419,-77.07853491926106
38.874006804077986,-77.07852889685502
38.873998182684886,-77.07851667084802
38.873993858079395,-77.07851057991687
38.873985135017435,-77.07849849733732
38.87398109161556,-77.0784923004907
38.8739727215754,-77.07848012676953
38.87396813943592,-77.07847382432138
38.873959698373724,-77.07846108489392
38.873955395612136,-77.07845477906216
38.87394667155859,-77.07844224578476
38.87394257522752,-77.07843598515993
38.8739340276329,-77.0784236621986
38.87392959405237,-77.07841761881963
38.87392112252178,-77.07840557817062
38.87391673150691,-77.07839967435092
38.873907944039594,-77.07838766599596
38.873903366572414,-77.07838160690272
38.87389449751931,-77.07836962614381
38.873889837646885,-77.07836364072614
38.87388066420725,-77.0783520556796
38.873876383513,-77.0783460282906
38.87387192752755,-77.07834023093348
38.87386280247724,-77.07832845826997
38.87385803053561,-77.07832269435713
38.87385366123989,-77.07831658255301
38.87384448996932,-77.07830487540203
38.87383993469435,-77.07829908783633
38.87383085801229,-77.07828763472098
38.873826273360855,-77.07828197885506
38.87381693042616,-77.07827029783296
38.873812248824656,-77.07826452042292
38.87381203761407,-77.07826474364438
38.873802937480306,-77.0782530892957
38.87379832572818,-77.07824743725527
38.87379350358562,-77.07824196235542
38.873789013459046,-77.07823605797432
38.873789013459046,-77.07823605797432
38.873783897268794,-77.07823039815551
38.87378428600727,-77.07823032533857
38.87377940172698,-77.07822479791459
38.873779631461474,-77.07822454641683
38.87377501919509,-77.07821892318111
38.873774827513536,-77.07821906167636
38.87377496493582,-77.07821893427933
38.873770281731794,-77.0782132467352
38.873770109292046,-77.0782133166328
38.87377021050731,-77.07821319855465
38.87376558078288,-77.07820754369058
38.873765434621625,-77.07820765584873
38.873765581992956,-77.07820747572022
38.87376093253419,-77.07820191710351
38.87376093253419,-77.07820191710351
38.8737609250463,-77.07820183159018
38.873756196341596,-77.0781961692334
38.87375615053417,-77.07819621169907
38.87375155705689,-77.07819054521426
38.87375155705689,-77.07819054521426
38.87374685571708,-77.07818486406138
38.87374684808561,-77.07818478661235
38.87374220861574,-77.07817917296305
38.87374211909286,-77.07817914038637
38.8737375147017,-77.0781735807811
38.873737677007796,-77.07817357398325
38.87373291921333,-77.0781680271991
38.87372818347012,-77.07816225398862
38.87372837377749,-77.07816219267995
38.87372353359882,-77.0781567184186
38.87371884148845,-77.07815102486012
38.87371425781426,-77.07814531371402
38.87370954162136,-77.07813996063592
38.87370490908336,-77.07813446361081
38.873700249712805,-77.07812895543098
38.87369558939857,-77.07812350024568
38.873695618425266,-77.07812338813292
38.8736908849994,-77.0781179907555
38.8736908849994,-77.0781179907555
38.87368626152738,-77.0781124905395
38.8736815733136,-77.07810708410695
38.8736815733136,-77.07810708410695
38.87368155569205,-77.0781070616935
38.87367686667814,-77.07810170019117
38.87367686667814,-77.07810170019117
38.87367670578714,-77.0781016274985
38.87367686667814,-77.07810170019117
38.87367686667814,-77.07810170019117
38.87367688479189,-77.07810169495568
38.87367686667814,-77.07810170019117
38.87367686651407,-77.07810170940748
38.87367686671916,-77.07810169788709
38.87366736390403,-77.07809089863318
38.87366736390403,-77.07809089863318
38.87366736388352,-77.07809089978522
38.87366736392454,-77.07809089748113
38.873667363945046,-77.0780908963291
38.87366735508299,-77.07809088800248
38.87366735530859,-77.07809087533005
38.87366257771436,-77.07808542825957
38.8736625860432,-77.07808546653919
38.8736625860432,-77.07808546653919
38.8736625860432,-77.07808546653919
38.87366256874978,-77.07808542569313
38.8736625860432,-77.07808546653919
38.87366253931294,-77.07808556084662
38.87366257744775,-77.07808544323606
38.8736625860432,-77.07808546653919
38.87365313855212,-77.07807459628532
38.87364831662629,-77.07806910873596
38.87364840602615,-77.07806914822469
38.87364832526276,-77.078069129735
38.87364831666731,-77.07806910643188
38.87364365610391,-77.07806366507894
38.87364361126044,-77.07806365339884
38.87364360256245,-77.07806363585593
38.87364361126044,-77.07806365339884
38.87363888991339,-77.07805808348598
38.873638881317945,-77.07805806018287
38.8736341769359,-77.0780525495494
38.873634169447904,-77.07805246403622
38.87362953130412,-77.07804677552198
38.873629396096895,-77.078046778499
38.87362503759848,-77.07804107162139
38.873625019894874,-77.07804105381612
38.87362051178708,-77.07803514663289
38.87362051178708,-77.07803514663289
38.87361605966091,-77.07802913158086
38.87361192324351,-77.07802309691071
38.87360772842126,-77.07801680004432
38.87360366933906,-77.07801047024861
38.87360366933906,-77.07801047024861
38.873599685480094,-77.07800396398655
38.87359589125129,-77.0779974344334
38.87359227175853,-77.07799070595478
38.8735888540802,-77.07798377588156
38.873588812415356,-77.07798358563574
38.87358564681169,-77.0779766675168
38.87358268677523,-77.07796933698033
38.87357996420636,-77.07796182663517
38.87357749650109,-77.07795417156704
38.873575292357394,-77.07794638931877
38.873573361191,-77.07793845711184
38.87357172593785,-77.0779306049886
38.873570345261115,-77.07792262427058
38.873569273461044,-77.07791450155521
38.873569273461044,-77.07791450155521
38.87356850132693,-77.07790624810043
38.87356805977506,-77.07789815181269
38.8735679709385,-77.07788998165708
38.87356822579113,-77.07788173852317
38.87356877421928,-77.07787370680444
38.87356976576746,-77.07786558425609
38.87357117181938,-77.0778574599499
38.87357259723881,-77.07784976614022
38.87357263381492,-77.0778497360845
38.87357462617389,-77.07784157583478
38.87357654427625,-77.07783404391274
38.87357895333608,-77.07782626464304
38.87358116039629,-77.07781869733685
38.87358351197649,-77.07781111003447
38.873586098501875,-77.07780348462234
38.873588511315894,-77.07779600053439
38.873588475047384,-77.07779601330958
38.8735910858409,-77.07778854305631
38.87359355461519,-77.07778095224965
38.873596104049916,-77.07777338569198
38.87359893345789,-77.07776578233594
38.87360143560802,-77.07775834118974
38.873604072882905,-77.07775090167354
38.873606931606766,-77.07774367608134
38.87360952908143,-77.07773594148279
38.87361224845121,-77.07772844557171
38.87361516163799,-77.07772119735876
38.87361782914668,-77.07771357775663
38.873620660215806,-77.07770638708772
38.87362351552914,-77.07769884672322
38.87362932768083,-77.0776841366402
38.87363231104397,-77.07767699535749
38.87363519390542,-77.07766942582444
38.873641053521595,-77.0776545799554
38.873643939892155,-77.07764731942906
38.87364680662686,-77.07763964338136
38.87365243693233,-77.07762451880653
38.87365517699683,-77.07761737850126
38.87366029754712,-77.07760203851743
38.873662800855826,-77.07759453169247
38.873667594991275,-77.07757981269046
38.8736699349217,-77.07757186656173
38.87367415441264,-77.07755652799158
38.873676105690095,-77.0775491560812
38.873679562976555,-77.07753310488043
38.87368246044137,-77.07751762637093
38.87368375647005,-77.07750910118087
38.87368492437417,-77.07750119353001
38.87368660100768,-77.07748545815662
38.8736875309407,-77.07747674595004
38.87368863830539,-77.07746059518418
38.87368898129804,-77.0774524606438
38.873689284940184,-77.07743590494766
38.87368923943904,-77.07742782940382
38.87368860792882,-77.07741116578876
38.87368833467652,-77.07740272398969
38.87368720481962,-77.07738621645218
38.87368633100342,-77.0773781052598
38.87368485355826,-77.07736188959139
38.873683866732144,-77.07735405289387
38.87368130797419,-77.07733784146856
38.873680291130775,-77.07732966617515
38.87367701551348,-77.0773137381716
38.87367579355403,-77.07730594995473
38.873672321839464,-77.07728990213171
38.87367038669217,-77.07728219112118
38.87366623325942,-77.07726647730773
38.87366403280063,-77.07725848539772
38.87365924048437,-77.07724323017386
38.873656602506344,-77.07723552059952
38.87365114075787,-77.0772204153224
38.87364802720877,-77.07721310108693
38.87364172874692,-77.07719893850995
38.87363840542277,-77.07719176685784
38.87363113345596,-77.07717813265981
38.87362739069209,-77.07717174641975
38.87361956594271,-77.07715879577908
38.8736111404933,-77.07714668982075
38.87360677649002,-77.07714078343282
38.87359779122098,-77.07712925017417
38.87359293878811,-77.07712395544688
38.873583423244526,-77.07711335998091
38.873578458377224,-77.07710830749312
38.873568324225175,-77.07709855042623
38.87356295002514,-77.07709371539585
38.873552210944226,-77.07708453432562
38.873546724070714,-77.07708046136577
38.87353567842178,-77.07707230528592
38.87353043459698,-77.07706824516819
38.873518816782926,-77.07706084930733
38.873507271915145,-77.07705340485708
38.873501399835064,-77.0770497125815
38.873489598976015,-77.07704247622365
38.87348373399482,-77.07703889135155
38.87347196706663,-77.07703177355395
38.873466021095965,-77.0770281828676
38.873460306872985,-77.07702473378771
38.87344922613356,-77.07701753684825
38.87343743223506,-77.07701092197297
38.873431690892104,-77.07700747786947
38.87342018135299,-77.07700057966125
38.87341441309532,-77.07699712901264
38.87340284968573,-77.07699022001832
38.87339704540521,-77.07698676832258
38.873391231995974,-77.07698332327745
38.873379577873294,-77.07697644853074
38.87337371014303,-77.07697301804255
38.87336191151979,-77.07696616214469
38.87335591218939,-77.07696253187927
38.87334405660059,-77.0769558391526
38.87333806295488,-77.07695239578076
38.87332629887686,-77.07694562388521
38.87331474927295,-77.0769389515996
38.87330895213099,-77.07693560500984
38.87329729513537,-77.07692889156402
38.87329144426681,-77.07692552612222
38.87328556662723,-77.07692214606999
38.873273802711054,-77.07691536496846
38.87326790742883,-77.07691196365695
38.873256117376414,-77.07690513223487
38.873250213621134,-77.07690170071007
38.87323837905233,-77.07689483917967
38.87323244821832,-77.07689141032611
38.873220577544316,-77.07688455235859
38.87321462845274,-77.0768811368068
38.87320274848545,-77.07687429470906
38.8731968085836,-77.07687086905293
38.87318496543739,-77.07686398307825
38.87317905326939,-77.07686051788937
38.87316724786661,-77.07685353619635
38.87316135444733,-77.07685003006051
38.87314957694198,-77.07684299962031
38.873143683296874,-77.0768395061586
38.87313189578084,-77.0768325319093
38.87312601081304,-77.07682905714405
38.87312011661404,-77.07682559478955
38.87311414021658,-77.07682219458965
38.87310240663053,-77.07681522767955
38.87309647647005,-77.07681176082257
38.873084606671696,-77.07680485334488
38.8730727635003,-77.0767979685447
38.87306683268333,-77.07679453855563
38.87305496212542,-77.07678767370896
38.873049022261476,-77.07678424576353
38.87304307330982,-77.07678082216464
38.87303076344309,-77.07677383388099
38.87302519947825,-77.07677054828086
38.87301304775636,-77.07676378706168
38.87300722644029,-77.07676027958264
38.87299519345084,-77.07675342846102
38.8729891634885,-77.07675000020377
38.87298311545331,-77.07674657487887
38.87297155428861,-77.07674004524893
38.87295996596317,-77.07673352289885
38.87295414930673,-77.07673025991717
38.872942480052984,-77.07672372829865
38.87293661845008,-77.07672045939962
38.87292487733515,-77.07671391531878
38.87291898887901,-77.0767106364187
38.872912884492806,-77.07670733970679
38.872901271361656,-77.07670069216228
38.87289534796878,-77.07669735115833
38.87288347467816,-77.07669063956496
38.87287751593876,-77.07668725949716
38.87286558931052,-77.07668050716534
38.87285963077572,-77.07667711557903
38.8728477413989,-77.07667029517779
38.872841810802825,-77.07666685253855
38.872835871426425,-77.07666339696544
38.87282401152477,-77.07665643911227
38.87281808176846,-77.07665294924234
38.872806204387665,-77.07664596091576
38.87280026560485,-77.07664247193748
38.8727883697407,-77.07663550958675
38.8727824128233,-77.0766320269981
38.87277048975709,-77.07662507423271
38.87277039664732,-77.07662524326287
38.87275854876109,-77.0766181163373
38.872746572090506,-77.07661113781124
38.87274047787462,-77.0766077757131
38.872728520874496,-77.07660070440099
38.87271640786824,-77.07659379222211
38.87271063658353,-77.07659051099006
38.872704847266974,-77.07658723038625
38.87269324157567,-77.0765806706979
38.87268742530338,-77.07657738585321
38.87268159101975,-77.07657410048478
38.87267536795729,-77.07657089024613
38.87266987742403,-77.07656752843883
38.87266400711757,-77.07656424202345
38.87265783845738,-77.076561012623
38.872658109835115,-77.07656095251815
38.87265222196803,-77.07655764023508
38.872646007644214,-77.07655444523775
38.87264037332785,-77.07655106195843
38.872634449376434,-77.07654775208452
38.87262851629636,-77.07654444886118
38.87262257445644,-77.07654113155199
38.87262257445644,-77.07654113155199
38.872616623836215,-77.07653780130897
38.872610664353694,-77.07653446274021
38.87261038616305,-77.07653439931657
38.87260469631627,-77.0765310985654
38.87259871933459,-77.07652773067294
38.872592661691556,-77.07652433853333
38.87258680276637,-77.07652091875286
38.872580844369374,-77.07651751912984
38.872574778601525,-77.0765140771929
38.87256293516342,-77.07650720631753
38.87255697733971,-77.07650377444024
38.87255084896236,-77.07650030647825
38.87254505350601,-77.07649686434442
38.87253908729109,-77.07649339764613
38.872527155229726,-77.07648644351494
38.872527155229726,-77.07648644351494
38.872515058074804,-77.07647965286273
38.87250925842775,-77.07647593974532
38.87249730919405,-77.07646893786301
38.87249133473072,-77.07646542828262
38.872485342296976,-77.0764619158745
38.87247334832105,-77.07645489655806
38.87246697067384,-77.07645125882993
38.87245534355062,-77.07644438389906
38.87244934231542,-77.07644085971226
38.872436907492755,-77.0764338033662
38.87243128312039,-77.07643036737613
38.872425254642394,-77.0764268550776
38.87241270252019,-77.07641980800103
38.872401628722976,-77.07641323157763
38.87239009697046,-77.0764065669065
38.87238385910823,-77.07640317530527
38.87237226988927,-77.0763961954535
38.872365586560946,-77.07639252002332
38.87235421085332,-77.07638569392458
38.87234223469867,-77.07637868552708
38.872336017367076,-77.07637515275671
38.87232424832051,-77.07636815154372
38.87231228094481,-77.0763611560866
38.872300366844186,-77.07635420482929
38.8723002404581,-77.07635421843986
38.87228242395469,-77.07634375857059
38.8722705180593,-77.07633685251007
38.87227051799783,-77.07633685596612
38.87225863897538,-77.07632995875845
38.87224648859528,-77.07632312050661
38.87223502278554,-77.0763162941139
38.872229118599485,-77.07631288573032
38.87221664344197,-77.07630607030475
38.87220558883669,-77.07629942762544
38.87219368909562,-77.07629268197257
38.87218182564293,-77.07628592239426
38.872170023610444,-77.0762792556623
38.87216417194055,-77.07627593410692
38.8721524315944,-77.07626934524615
38.87214070054028,-77.0762627405215
38.87212909449897,-77.07625619937339
38.872117551762955,-77.07624964508604
38.872111789369676,-77.0762463699333
38.87209971195064,-77.07623948196688
38.87209369097557,-77.07623605406098
38.872081685129544,-77.07622919469132
38.872069502920084,-77.0762221192634
38.87206373878426,-77.07621894203645
38.87205144596589,-77.07621200631668
38.87203997658315,-77.07620538041199
38.8720340270372,-77.07620198916922
38.872022091738025,-77.07619521600517
38.87201009362439,-77.07618842833664
38.87200408124334,-77.07618502374198
38.8719919846408,-77.07617820093756
38.87198621285015,-77.07617494742288
38.87198043217672,-77.07617168673458
38.871962469792024,-77.07616182898784
38.87195135938104,-77.07615528385647
38.871945516610026,-77.07615196834425
38.871933571174836,-77.07614525829608
38.871922112001954,-77.07613856470715
38.871916243278896,-77.07613518850685
38.87190449733901,-77.07612840704562
38.871898610952634,-77.07612501073868
38.87188681159292,-77.07611819314803
38.871874994959036,-77.07611133356313
38.87186908235424,-77.07610789154441
38.87185723960423,-77.0761009804883
38.871851327613705,-77.07609750391103
38.87183951319107,-77.07609051991605
38.871833583270856,-77.07608703820834
38.871827635523665,-77.07608354560897
38.87180980998525,-77.07607308561879
38.871803862462905,-77.0760695803497
38.871791931251934,-77.0760625768291
38.87178597451873,-77.07605908281985
38.871780017785376,-77.0760555888112
38.87176808677828,-77.07604857377532
38.871756163997766,-77.0760416027803
38.87175573821336,-77.07604173215982
38.871744258674845,-77.07603466341607
38.87173829283255,-77.07603117490959
38.871732326703324,-77.07602770253185
38.871726360410044,-77.07602423937075
38.87172013153988,-77.07602084809874
38.8717144460188,-77.07601730320646
38.87170849785933,-77.07601383365926
38.871702558418555,-77.07601038050285
38.87169661875229,-77.07600694001913
38.87169066115661,-77.07600349440382
38.87168472136718,-77.07600006083334
38.87167879011205,-77.07599665402168
38.8716728766632,-77.07599325925484
38.87166105905756,-77.07598645385686
38.871655154532014,-77.07598306396186
38.8716433627748,-77.07597632501798
38.87163747582993,-77.075972959841
38.871631597829094,-77.07596959838268
38.87162518960246,-77.07596615925465
38.871613998906064,-77.07595956805173
38.87160229554405,-77.07595292504908
38.87159645274558,-77.07594961072269
38.871584829224815,-77.07594303805035
38.8715790487279,-77.07593976703232
38.87156694287694,-77.07593295672277
38.87156093017955,-77.07592956945224
38.87154903008472,-77.07592284235804
38.87154313355875,-77.07591950918432
38.87153143893324,-77.07591288143338
38.87152561475925,-77.07590953307773
38.87151403763644,-77.0759028845448
38.87150800862707,-77.07589940113894
38.87149612028085,-77.07589251994845
38.87148997389067,-77.07588905041774
38.8714844285625,-77.07588572862188
38.871472681847074,-77.07587898986952
38.87146688645052,-77.07587554323332
38.871455016216295,-77.0758686568151
38.87144896837501,-77.07586521897127
38.871437527378326,-77.07585851563167
38.87143751843415,-77.07585851191361
38.87142559338648,-77.07585166770508
38.871413964110594,-77.0758449116348
38.871408122414586,-77.07584153511839
38.87140214473272,-77.07583820535997
38.8713906429686,-77.07583137232265
38.871384748426514,-77.07582792742004
38.871378916370595,-77.0758245154564
38.8713731471491,-77.0758211168477
38.87136719081685,-77.07581759984033
38.871361306181235,-77.07581410451397
38.87135546628685,-77.07581062662645
38.87135546628685,-77.07581062662645
38.87134969804814,-77.07580717272393
38.87134376955166,-77.07580361042496
38.87134376955166,-77.07580361042496
38.87134376955166,-77.07580361042496
38.87133791295668,-77.07580005828694
38.87133791295668,-77.07580005828694
38.87133210973982,-77.07579654458587
38.871332118724965,-77.07579654599992
38.87132637819913,-77.07579305371777
38.871320495426744,-77.07578945356333
38.871320504411884,-77.07578945497737
38.87131467485376,-77.07578590247587
38.871308980195565,-77.07578236427359
38.871303142635284,-77.07577875506314
38.87129737628005,-77.07577519518169
38.871291503495904,-77.07577153999621
38.87128576452599,-77.07576796016603
38.871279954104985,-77.07576434483211
38.87127427760067,-77.07576079909343
38.87126853852795,-77.07575722502504
38.87126275485714,-77.07575362545502
38.871256935511894,-77.07575000525345
38.87125112482392,-77.07574640489854
38.871245376396836,-77.07574285015453
38.871239565729084,-77.0757392486488
38.871233754938295,-77.0757356540557
38.87122797973972,-77.07573208470336
38.871222195535395,-77.07572851508957
38.87121649137787,-77.0757250042827
38.87121075168933,-77.07572146478026
38.87120498479942,-77.07571793486032
38.87120498479942,-77.07571793486032
38.87119925360414,-77.07571442442111
38.87119354023565,-77.07571092487453
38.87118785353569,-77.07570744569863
38.87118785353569,-77.07570744569863
38.87118208291719,-77.07570412544506
38.87118208291719,-77.07570412544506
38.87118208291719,-77.07570412544506
38.87118208291719,-77.07570412544506
38.87118208291719,-77.07570412544506
38.87118208291719,-77.07570412544506
38.87118208291719,-77.07570412544506
38.87118208291719,-77.07570412544506
38.87118208291719,-77.07570412544506
38.87118208291719,-77.07570412544506
38.87117021557819,-77.07569859577467
38.87117021557819,-77.07569859577467
38.87117021557819,-77.07569859577467
38.87117021557819,-77.07569859577467
38.87117021557819,-77.07569859577467
38.87117021557819,-77.07569859577467
38.87116416980571,-77.07569605473985
38.87116416980571,-77.07569605473985
38.87116416980571,-77.07569605473985
38.87116416980571,-77.07569605473985
38.8711580590273,-77.07569362246326
38.8711580590273,-77.07569362246326
38.8711580590273,-77.07569362246326
38.871151890999116,-77.07569136947892
38.87114569292238,-77.07568928620486
38.87114569292238,-77.07568928620486
38.87113942629607,-77.07568751098486
38.87113942629607,-77.07568751098486
38.87113309112021,-77.07568604381888
38.87112671428877,-77.07568489240488
38.87112671428877,-77.07568489240488
38.87112033966236,-77.0756841237169
38.871113894520015,-77.07568377367457
38.87110756892216,-77.07568379478838
38.8711011901232,-77.07568427423966
38.8711011901232,-77.07568427423966
38.87109476792759,-77.07568516736234
38.871088321268346,-77.07568642284043
38.87108227950699,-77.07568821683489
38.87107615930965,-77.07569036815639
38.87107011211284,-77.07569297457115
38.871064239149746,-77.07569591684955
38.871064239149746,-77.07569591684955
38.87105818829948,-77.07569923546038
38.87105279358281,-77.07570315176375
38.871047090913024,-77.07570715822942
38.87104202515693,-77.07571182983138
38.871036956942596,-77.07571663967241
38.87103194545841,-77.07572180616229
38.87102714701604,-77.07572715289183
38.87102714701604,-77.07572715289183
38.87101777520246,-77.0757383634965
38.87101297006101,-77.07574408692703
38.871004167395704,-77.07575571980047
38.87099967306682,-77.07576169892735
38.8709952976954,-77.07576757547622
38.8709952976954,-77.07576757547622
38.87098646143543,-77.07577957734878
38.870982111994365,-77.07578551573741
38.8709777254858,-77.07579151182898
38.87096896169872,-77.0758034916
38.870968952467756,-77.07580350400993
38.870964602636334,-77.07580946428357
38.87096021688452,-77.07581541774832
38.870951423456155,-77.07582754418286
38.870947063122536,-77.07583358828724
38.87094265712544,-77.07583966679255
38.87093821408126,-77.07584580184873
38.87093390024982,-77.07585176431736
38.87092956746452,-77.07585777925301
38.87092519779602,-77.07586384152359
38.870925173708535,-77.07586367600202
38.87092080033189,-77.07586994678309
38.870916374764846,-77.07587611231149
38.870916335657,-77.07587577807446
38.87091207888175,-77.07588207875655
38.870907763880886,-77.07588810688455
38.87090341193536,-77.07589418580343
38.87090341193536,-77.07589418580343
38.870898891271324,-77.07590063209919
38.87089447452401,-77.07590680825378
38.87089036530746,-77.0759124112977
38.87088174510705,-77.07592442287985
38.870877151392605,-77.07593092352305
38.870872969638256,-77.07593655211564
38.87086853586122,-77.07594267244588
38.87086405672797,-77.07594880989699
38.87085536591303,-77.07596073873418
38.870850951743975,-77.07596676972994
38.87084651057825,-77.07597279878676
38.870837664985416,-77.0759848176266
38.87083322385976,-77.0759908443772
38.87082871883399,-77.07599691767635
38.8708200303499,-77.07600871517442
38.8708155157235,-77.0760148216171
38.870806853599,-77.07602665676079
38.870802477334045,-77.07603258281318
38.87079806477997,-77.07603852279249
38.87078931112183,-77.07605043825325
38.87078054833403,-77.07606236036096
38.87077617143227,-77.07606832212076
38.870767417238596,-77.07608026752602
38.87076303087961,-77.07608625436539
38.870754239084164,-77.0760982874214
38.87074541992236,-77.07611033927209
38.87074102377775,-77.0761163696214
38.87073223204083,-77.076128399214
38.87072349445943,-77.07614042346414
38.87071914401759,-77.07614641710438
38.8707105260891,-77.07615829960613
38.87070601731705,-77.07616508968545
38.87069729908433,-77.07617653243275
38.870688643716726,-77.0761884933663
38.87067979412813,-77.07620073563906
38.87067547094612,-77.07620671623431
38.870666724228535,-77.07621874711509
38.8706579767517,-77.0762308206166
38.87065365463365,-77.07623674130463
38.87064483513051,-77.07624881155297
38.870635980812565,-77.07626081278248
38.870631549170824,-77.07626681211308
38.87062266824403,-77.076278789512
38.87061822814903,-77.07628475747451
38.87060940225821,-77.076296679994
38.87060499884051,-77.07630261213899
38.870596246714136,-77.07631443998368
38.870587467078,-77.07632629468691
38.87058312780471,-77.07633216645549
38.87057871490839,-77.07633812482975
38.87056987102169,-77.07635004565981
38.87056544891399,-77.07635601528965
38.87056099917442,-77.07636201869212
38.8705522750223,-77.076373793165
38.87054791720273,-77.07637969435528
38.87054360467741,-77.07638558187953
38.87053926400795,-77.07639153197616
38.870530652151864,-77.07640357826274
38.870530652151864,-77.07640357826274
38.87052214459184,-77.07641583965776
38.87051802639776,-77.07642194606213
38.87051388746688,-77.07642820515609
38.87050983894027,-77.07643444728666
38.870505631621285,-77.07644100521343
38.87050189051474,-77.07644718713516
38.87050189051474,-77.07644718713516
38.87050189051474,-77.07644718713516
38.87050189051474,-77.07644718713516
38.87050189051474,-77.07644718713516
38.87050189051474,-77.07644718713516
38.87050189051474,-77.07644718713516
38.87050189051474,-77.07644718713516
38.87050189051474,-77.07644718713516
38.87050189051474,-77.07644718713516
38.87049054312227,-77.07646662945405
38.87049054312227,-77.07646662945405
38.87049054312227,-77.07646662945405
38.87049054312227,-77.07646662945405
38.87049054312227,-77.07646662945405
38.87049054312227,-77.07646662945405
38.87048689318725,-77.07647325777198
38.87048689318725,-77.07647325777198
38.87048689318725,-77.07647325777198
38.87048329503158,-77.07648001438065
38.87048329503158,-77.07648001438065
38.87048329503158,-77.07648001438065
38.87047978644,-77.07648680125757
38.87047960943163,-77.0764871280499
38.870476366224004,-77.07649368521807
38.87047299829961,-77.07650066866962
38.87047299829961,-77.07650066866962
38.87046975608473,-77.07650767652603
38.870466379716994,-77.07651513459534
38.8704635577026,-77.07652182043165
38.8704635577026,-77.07652182043165
38.870460573207026,-77.07652902942176
38.87045768656388,-77.07653630926195
38.87045486977266,-77.07654371446125
38.87045486977266,-77.07654371446125
38.87045219817757,-77.07655106164668
38.87044959717209,-77.07655849271971
38.87044710314759,-77.07656598799309
38.87044470806152,-77.07657349306132
38.87044242986369,-77.07658101190464
38.87044019384507,-77.07658869218439
38.8704380837408,-77.07659638534943
38.870436055280926,-77.07660404746557
38.87043405952327,-77.07661189725178
38.870432181104626,-77.07661973546948
38.870430376410866,-77.07662748132087
38.87042858673592,-77.0766353958863
38.870426835603546,-77.07664316980542
38.870425092164766,-77.07665101771347
38.87042334895089,-77.07665885294925
38.870421615049494,-77.07666667116698
38.87041989039914,-77.07667447582259
38.870418127225605,-77.07668241997165
38.870418127225605,-77.07668241997165
38.87041461334594,-77.07669811384486
38.87041461334594,-77.07669811384486
38.870412744378115,-77.07670592697635
38.870408523334184,-77.07672135937194
38.870406113547105,-77.07672867728431
38.87040337611413,-77.0767361792925
38.87040040141059,-77.07674334360175
38.870397042231424,-77.07675034111956
38.87039342811892,-77.07675698083027
38.87039342811892,-77.07675698083027
38.870385162855484,-77.07676929531627
38.87038047832586,-77.07677482043663
38.87037541430097,-77.07677989883264
38.8703700898214,-77.07678442332168
38.87036453206803,-77.07678838547444
38.870358714147,-77.0767917775926
38.87035273520223,-77.07679459795209
38.87035273520223,-77.07679459795209
38.87034663041596,-77.07679689483307
38.870340439930104,-77.07679843773518
38.87033406171971,-77.07679989679666
38.870327687640554,-77.07680061717296
38.87032137778081,-77.07680076658531
38.870314935020986,-77.07680028281908
38.87030860953059,-77.07679928495746
38.8703022289321,-77.07679783944265
38.870296044686135,-77.0767959927827
38.870289907263114,-77.07679354007563
38.870283929760205,-77.0767907082147
38.87027810440142,-77.07678742781874
38.870272377152965,-77.0767836973149
38.870272377152965,-77.0767836973149
38.87026681004994,-77.07677957498561
38.870261481335255,-77.0767752210122
38.87025624775914,-77.07677058396885
38.87025108148494,-77.07676570914852
38.87025108148494,-77.07676570914852
38.87024107873313,-77.07675565445578
38.87023618713559,-77.07675053406564
38.87023618713559,-77.07675053406564
38.8702312621795,-77.07674526286965
38.87022644561854,-77.07673997638845
38.870221586344975,-77.07673455842306
38.870221586344975,-77.07673455842306
38.87021683513863,-77.07672914360417
38.8702073274698,-77.07671810289342
38.8702073274698,-77.07671810289342
38.870202562411535,-77.07671245369976
38.87019789522622,-77.0767068742055
38.87019322044904,-77.07670121496298
38.87018851102211,-77.07669547748972
38.87018389784918,-77.07668990072253
38.87017927618267,-77.07668429489433
38.87017462844166,-77.07667863528921
38.87017462844166,-77.07667863528921
38.87016994473934,-77.07667297118032
38.87016522562899,-77.0766672714641
38.870160638713244,-77.07666173811036
38.870156034154824,-77.07665618349735
38.87015141215865,-77.07665059610527
38.87014677245833,-77.0766449909099
38.87014209650981,-77.07663939733851
38.87014209650981,-77.07663939733851
38.870137438859146,-77.07663378816439
38.87013275415031,-77.07662818050854
38.870128078487795,-77.07662257081161
38.87012340292746,-77.0766169553555
38.87011869105744,-77.07661135497935
38.87011399754673,-77.0766057355445
38.87010930393328,-77.07660012187033
38.87010460117045,-77.07659451599862
38.870099898366355,-77.07658891243162
38.870095186781754,-77.07658329593143
38.870090466560086,-77.07657765843418
38.870090466560086,-77.07657765843418
38.87008572828588,-77.07657202271739
38.87008097218455,-77.07656637610924
38.87007621622638,-77.076560721438
38.87007145140572,-77.0765550584415
38.870066677169305,-77.07654941822328
38.87006192108728,-77.07654377046619
38.87006192108728,-77.07654377046619
38.87005715593786,-77.07653812590367
38.870052390685686,-77.07653248710182
38.87004763423394,-77.07652686008265
38.87004763423394,-77.07652686008265
38.870042868735275,-77.07652123510609
38.870038129802374,-77.07651563626021
38.87003340849111,-77.07651005982697
38.87003340849111,-77.07651005982697
38.87002867770263,-77.07650450962792
38.870023982710954,-77.07649897314987
38.870023982710954,-77.07649897314987
38.87001932331118,-77.0764934619126
38.87001467211762,-77.07648799586545
38.87000990622758,-77.07648239278173
38.87000990622758,-77.07648239278173
38.870005176093365,-77.07647680572296
38.87000046329391,-77.07647125720453
38.86999577695781,-77.07646574057665
38.86999577695781,-77.07646574057665
38.86999111690063,-77.07646026620714
38.86998633316182,-77.07645465338706
38.86998633316182,-77.07645465338706
38.86998158519932,-77.07644905543995
38.86997684566843,-77.07644349001114
38.86997684566843,-77.07644349001114
38.869972132662355,-77.07643795301694
38.869967483125684,-77.07643239366665
38.86996289677153,-77.07642682808799
38.86996289677153,-77.07642682808799
38.86995829476225,-77.07642112950813
38.869953677302696,-77.07641528640731
38.869953677302696,-77.07641528640731
38.869949230335045,-77.07640948284667
38.869944875779716,-77.07640354943014
38.869944875779716,-77.07640354943014
38.8699406682442,-77.0763974554749
38.86993655598958,-77.07639107038663
38.86993655598958,-77.07639107038663
38.86993267990941,-77.0763845780678
38.86992900346893,-77.07637800626942
38.86992900346893,-77.07637800626942
38.869925511914744,-77.07637117130254
38.86992219564698,-77.07636410631243
38.86992219564698,-77.07636410631243
38.86991912554271,-77.07635687905868
38.8699163102592,-77.07634950938699
38.8699163102592,-77.07634950938699
38.869913813389026,-77.07634196802853
38.869913813389026,-77.07634196802853
38.869913813389026,-77.07634196802853
38.869913813389026,-77.07634196802853
38.869913813389026,-77.07634196802853
38.869913813389026,-77.07634196802853
38.86991160711621,-77.07633429912413
38.86990981893326,-77.07632642685645
38.86990981893326,-77.07632642685645
38.86990981893326,-77.07632642685645
38.86990981893326,-77.07632642685645
38.86990981893326,-77.07632642685645
38.86990981893326,-77.07632642685645
38.86990981893326,-77.07632642685645
38.869908482793214,-77.07631846862367
38.869908482793214,-77.07631846862367
38.869908482793214,-77.07631846862367
38.869908482793214,-77.07631846862367
38.869908482793214,-77.07631846862367
38.869908482793214,-77.07631846862367
38.869908482793214,-77.07631846862367
38.869908482793214,-77.07631846862367
38.869908482793214,-77.07631846862367
38.869908482793214,-77.07631846862367
38.869908482793214,-77.07631846862367
38.869908482793214,-77.07631846862367
38.869908482793214,-77.07631846862367
38.869908482793214,-77.07631846862367
38.869908482793214,-77.07631846862367
38.869908482793214,-77.07631846862367
38.869908482793214,-77.07631846862367
38.86990762563103,-77.07631042981981
38.86990762563103,-77.07631042981981
38.86990762563103,-77.07631042981981
38.86990762563103,-77.07631042981981
38.86990762563103,-77.07631042981981
38.86990762563103,-77.07631042981981
38.86990762563103,-77.07631042981981
38.86990762563103,-77.07631042981981
38.869907742232925,-77.07631045972255
38.8699076711509,-77.07631040348278
38.86990762563103,-77.07631042981981
38.869907643888155,-77.07631041652026
38.86990762563103,-77.07631042981981
38.86990762563103,-77.07631042981981
38.86990762563103,-77.07631042981981
38.86990762563103,-77.07631042981981
38.86990762563103,-77.07631042981981
38.86990762563103,-77.07631042981981
38.86990762563103,-77.07631042981981
38.86990762563103,-77.07631042981981
38.869907393964844,-77.07629407264145
38.869907393964844,-77.07629407264145
38.869907393964844,-77.07629407264145
38.869907393964844,-77.07629407264145
38.869907393964844,-77.07629407264145
38.86990811346194,-77.07628604168845
38.86990811346194,-77.07628604168845
38.86990811346194,-77.07628604168845
38.86990928303499,-77.07627803535954
38.86990928303499,-77.07627803535954
38.86991099832425,-77.07627024891805
38.86991616492911,-77.07625534894756
38.869919335103425,-77.0762483378836
38.869922957782606,-77.07624172149056
38.869922957782606,-77.07624172149056
38.869922957782606,-77.07624172149056
38.869922957782606,-77.07624172149056
38.86992283173543,-77.07624222265048
38.869922957782606,-77.07624172149056
38.869941648508764,-77.07622025353716
38.869941648795596,-77.07622023740943
38.86994730836775,-77.07621561546593
38.86994730836775,-77.07621561546593
38.869953012068336,-77.07621205863381
38.86995288768083,-77.07621246648361
38.869958949660095,-77.07620902957234
38.869958949660095,-77.07620902957234
38.869958949660095,-77.07620902957234
38.86996501952007,-77.07620666939626
38.86996501952007,-77.07620666939626
38.86996501952007,-77.07620666939626
38.86997128722824,-77.07620483709472
38.86997128722824,-77.07620483709472
38.86997128722824,-77.07620483709472
38.869979764065675,-77.07618112978534
38.869979764065675,-77.07618112978534
38.869979764065675,-77.07618112978534
38.86997966819078,-77.07618145432701
38.86998823229513,-77.07617614467786
38.869988337134664,-77.07617582270218
38.869988337134664,-77.07617582270218
38.869988337134664,-77.07617582270218
38.869997377854205,-77.07617208520603
38.86999727266639,-77.07617242676542
38.869997377854205,-77.07617208520603
38.8700068391908,-77.0761710419965
38.8700068391908,-77.0761710419965
38.8700068391908,-77.0761710419965
38.87001617115698,-77.07617321993315
38.87001605636938,-77.076173594638
38.87002461244455,-77.0761788688702
38.8700247365861,-77.0761784748437
38.8700247365861,-77.0761784748437
38.870037183551815,-77.07618788941474
38.87004062524265,-77.0761899293621
38.87004447405113,-77.07619187627294
38.870047595598045,-77.07619469180942
38.87005111472425,-77.0761974439989
38.87005395382763,-77.07619992859442
38.87005742108246,-77.0762030642359
38.870060664343846,-77.07620612881465
38.87006066420042,-77.07620613687851
38.87006066417994,-77.0762061380305
38.87006066420042,-77.07620613687851
,
38.87007429941484,-77.07622118641753
38.87007429959924,-77.0762211760497
38.870074308563886,-77.07622117861574
38.87007431791782,-77.07622115929414
38.87008255656387,-77.07622857616249
38.87008267239657,-77.0762281427063
38.87008954245652,-77.07623753099658
38.87008954245652,-77.07623753099658
38.870089463056054,-77.0762379424615
38.87009439673348,-77.07624880387158
38.87009439650811,-77.07624881654338
38.87009441991897,-77.07624902007852
38.870097703169776,-77.07626098142637
,
,
,
,
,
,
,
,
,
,
,
,
,
